feature,abl_auc,abl_delta
feature_00,0.878,-0.0512
feature_01,0.8877,-0.0415
feature_02,0.8515,-0.0777
feature_03,0.8389,-0.0903
feature_04,0.8583,-0.0709
feature_05,0.8899,-0.0393
feature_06,0.9155,-0.0137
feature_07,0.9039,-0.0253
feature_08,0.9293,0.0001
feature_09,0.927,-0.0022
feature_10,0.9359,0.0067
feature_11,0.9204,-0.0088
feature_12,0.925,-0.0042
feature_13,0.9233,-0.0059
feature_14,0.9194,-0.0098
